CustomerKey,CustomerId,CustomerName,PreferredAirport,Email,FavoriteDrink,RegistrationDate,IsActive,UpdatedAt,CreatedAt
1,customer-001,Olivia Smith,SEA,olivia.doe@example.com,Chai Latte,2024-07-04T00:00:00Z,1,2025-10-06T13:02:00Z,2024-07-04T00:00:00Z
2,customer-002,Olivia Johnson,LAX,noah.brown@example.com,Mocha,2024-08-31T00:00:00Z,1,2025-10-04T08:44:00Z,2024-08-31T00:00:00Z
3,customer-003,Olivia Williams,DFW,olivia.jones@example.com,Mocha,2025-04-19T00:00:00Z,1,2025-10-05T12:42:00Z,2025-04-19T00:00:00Z
4,customer-004,Olivia Brown,ORD,jane.jones@example.com,Cappuccino,2025-03-14T00:00:00Z,1,2025-10-06T17:28:00Z,2025-03-14T00:00:00Z
5,customer-005,Olivia Jones,ORD,ava.jones@example.com,Matcha,2025-04-04T00:00:00Z,1,2025-10-19T12:20:00Z,2025-04-04T00:00:00Z
6,customer-006,Olivia Garcia,LAX,jane.brown@example.com,Matcha,2024-09-18T00:00:00Z,1,2025-10-11T19:24:00Z,2024-09-18T00:00:00Z
7,customer-007,Olivia Miller,SEA,jane.johnson@example.com,Latte,2024-06-08T00:00:00Z,1,2025-10-15T15:59:00Z,2024-06-08T00:00:00Z
8,customer-008,Olivia Davis,SFO,emma.doe@example.com,Chai Latte,2024-10-30T00:00:00Z,1,2025-10-17T09:05:00Z,2024-10-30T00:00:00Z
9,customer-009,Olivia Rodriguez,SEA,ava.williams@example.com,Latte,2024-10-15T00:00:00Z,1,2025-10-13T10:44:00Z,2024-10-15T00:00:00Z
10,customer-010,Olivia Martinez,ATL,jane.johnson@example.com,Latte,2024-11-20T00:00:00Z,1,2025-10-15T09:58:00Z,2024-11-20T00:00:00Z
11,customer-011,Olivia Hernandez,DFW,emma.jones@example.com,Chai Latte,2025-02-02T00:00:00Z,1,2025-10-15T17:41:00Z,2025-02-02T00:00:00Z
12,customer-012,Olivia Lopez,LAX,sophia.williams@example.com,Chai Latte,2024-03-30T00:00:00Z,1,2025-10-15T09:00:00Z,2024-03-30T00:00:00Z
13,customer-013,Olivia Gonzalez,ATL,mason.brown@example.com,Matcha,2024-11-06T00:00:00Z,1,2025-10-05T17:18:00Z,2024-11-06T00:00:00Z
14,customer-014,Olivia Wilson,JFK,lucas.johnson@example.com,Mocha,2024-06-14T00:00:00Z,1,2025-10-14T16:47:00Z,2024-06-14T00:00:00Z
15,customer-015,Olivia Anderson,JFK,ava.jones@example.com,Cappuccino,2024-12-27T00:00:00Z,1,2025-10-21T15:52:00Z,2024-12-27T00:00:00Z
16,customer-016,Olivia Thomas,SFO,olivia.brown@example.com,Latte,2024-08-23T00:00:00Z,1,2025-10-01T12:56:00Z,2024-08-23T00:00:00Z
17,customer-017,Olivia Taylor,ORD,emma.doe@example.com,Latte,2024-08-25T00:00:00Z,1,2025-10-21T08:21:00Z,2024-08-25T00:00:00Z
18,customer-018,Olivia Moore,SFO,liam.brown@example.com,Cappuccino,2024-12-08T00:00:00Z,1,2025-10-10T16:36:00Z,2024-12-08T00:00:00Z
19,customer-019,Olivia Jackson,ORD,ava.jones@example.com,Cappuccino,2024-10-05T00:00:00Z,1,2025-10-11T15:57:00Z,2024-10-05T00:00:00Z
20,customer-020,Olivia Martin,DFW,liam.garcia@example.com,Latte,2024-08-20T00:00:00Z,1,2025-10-13T20:26:00Z,2024-08-20T00:00:00Z
21,customer-021,Olivia Lee,SEA,sophia.brown@example.com,Latte,2024-04-04T00:00:00Z,1,2025-10-14T10:16:00Z,2024-04-04T00:00:00Z
22,customer-022,Olivia Perez,ORD,jane.smith@example.com,Espresso,2025-01-25T00:00:00Z,1,2025-10-21T12:17:00Z,2025-01-25T00:00:00Z
23,customer-023,Olivia Thompson,SFO,sophia.doe@example.com,Espresso,2024-07-03T00:00:00Z,1,2025-10-19T13:07:00Z,2024-07-03T00:00:00Z
24,customer-024,Olivia White,DFW,emma.johnson@example.com,Latte,2024-04-09T00:00:00Z,1,2025-10-12T17:32:00Z,2024-04-09T00:00:00Z
25,customer-025,Olivia Harris,SEA,sophia.doe@example.com,Cappuccino,2024-03-25T00:00:00Z,1,2025-10-14T14:34:00Z,2024-03-25T00:00:00Z
26,customer-026,Olivia Sanchez,SEA,mason.smith@example.com,Latte,2024-12-29T00:00:00Z,1,2025-10-18T20:16:00Z,2024-12-29T00:00:00Z
27,customer-027,Olivia Clark,SFO,sophia.garcia@example.com,Chai Latte,2025-01-09T00:00:00Z,1,2025-10-15T10:29:00Z,2025-01-09T00:00:00Z
28,customer-028,Olivia Ramirez,ATL,lucas.miller@example.com,Mocha,2024-05-13T00:00:00Z,1,2025-10-03T10:50:00Z,2024-05-13T00:00:00Z
29,customer-029,Olivia Lewis,SFO,sophia.garcia@example.com,Latte,2024-08-15T00:00:00Z,1,2025-10-10T16:24:00Z,2024-08-15T00:00:00Z
30,customer-030,Olivia Robinson,DFW,sophia.doe@example.com,Chai Latte,2024-12-08T00:00:00Z,1,2025-10-04T08:38:00Z,2024-12-08T00:00:00Z
31,customer-031,Olivia Walker,LAX,john.smith@example.com,Matcha,2024-07-02T00:00:00Z,1,2025-10-07T09:44:00Z,2024-07-02T00:00:00Z
32,customer-032,Olivia Young,JFK,noah.doe@example.com,Mocha,2024-11-12T00:00:00Z,1,2025-10-18T09:43:00Z,2024-11-12T00:00:00Z
33,customer-033,Olivia Allen,ATL,mason.miller@example.com,Matcha,2024-10-25T00:00:00Z,1,2025-10-15T10:27:00Z,2024-10-25T00:00:00Z
34,customer-034,Olivia King,JFK,mason.doe@example.com,Matcha,2025-03-23T00:00:00Z,1,2025-10-10T16:37:00Z,2025-03-23T00:00:00Z
35,customer-035,Olivia Wright,DFW,jane.doe@example.com,Matcha,2025-03-26T00:00:00Z,1,2025-10-17T16:38:00Z,2025-03-26T00:00:00Z
36,customer-036,Olivia Scott,ORD,john.jones@example.com,Espresso,2024-06-17T00:00:00Z,1,2025-10-03T13:28:00Z,2024-06-17T00:00:00Z
37,customer-037,Olivia Torres,LAX,sophia.williams@example.com,Mocha,2025-03-23T00:00:00Z,1,2025-10-18T18:11:00Z,2025-03-23T00:00:00Z
38,customer-038,Olivia Nguyen,JFK,jane.garcia@example.com,Matcha,2024-08-15T00:00:00Z,1,2025-10-14T14:54:00Z,2024-08-15T00:00:00Z
39,customer-039,Olivia Hill,SEA,jane.doe@example.com,Chai Latte,2024-10-19T00:00:00Z,1,2025-10-21T15:21:00Z,2024-10-19T00:00:00Z
40,customer-040,Olivia Flores,ORD,olivia.jones@example.com,Cappuccino,2025-01-03T00:00:00Z,1,2025-10-05T10:04:00Z,2025-01-03T00:00:00Z
41,customer-041,Olivia Green,ATL,noah.jones@example.com,Espresso,2024-08-06T00:00:00Z,1,2025-10-07T13:52:00Z,2024-08-06T00:00:00Z
42,customer-042,Olivia Adams,ORD,noah.williams@example.com,Chai Latte,2024-09-20T00:00:00Z,1,2025-10-21T08:13:00Z,2024-09-20T00:00:00Z
43,customer-043,Olivia Nelson,JFK,john.doe@example.com,Chai Latte,2025-03-12T00:00:00Z,1,2025-10-04T13:57:00Z,2025-03-12T00:00:00Z
44,customer-044,Olivia Baker,SEA,sophia.doe@example.com,Latte,2025-03-17T00:00:00Z,1,2025-10-03T10:38:00Z,2025-03-17T00:00:00Z
45,customer-045,Olivia Hall,SFO,noah.doe@example.com,Cappuccino,2024-11-23T00:00:00Z,1,2025-10-14T11:30:00Z,2024-11-23T00:00:00Z
46,customer-046,Olivia Rivera,SEA,emma.smith@example.com,Espresso,2025-03-25T00:00:00Z,1,2025-10-15T16:28:00Z,2025-03-25T00:00:00Z
47,customer-047,Olivia Campbell,DFW,ava.williams@example.com,Matcha,2024-05-01T00:00:00Z,1,2025-10-14T20:07:00Z,2024-05-01T00:00:00Z
48,customer-048,Olivia Mitchell,SEA,mason.williams@example.com,Latte,2024-09-26T00:00:00Z,1,2025-10-12T16:13:00Z,2024-09-26T00:00:00Z
49,customer-049,Liam Smith,SFO,jane.smith@example.com,Espresso,2025-03-13T00:00:00Z,1,2025-10-12T20:16:00Z,2025-03-13T00:00:00Z
50,customer-050,Liam Johnson,JFK,sophia.miller@example.com,Chai Latte,2024-08-02T00:00:00Z,1,2025-10-09T16:25:00Z,2024-08-02T00:00:00Z
51,customer-051,Liam Williams,DFW,emma.miller@example.com,Chai Latte,2024-08-10T00:00:00Z,1,2025-10-21T11:02:00Z,2024-08-10T00:00:00Z
52,customer-052,Liam Brown,SFO,lucas.johnson@example.com,Mocha,2025-01-22T00:00:00Z,1,2025-10-12T18:49:00Z,2025-01-22T00:00:00Z
53,customer-053,Liam Jones,JFK,olivia.doe@example.com,Chai Latte,2024-05-30T00:00:00Z,1,2025-10-16T12:58:00Z,2024-05-30T00:00:00Z
54,customer-054,Liam Garcia,ATL,jane.brown@example.com,Latte,2025-04-17T00:00:00Z,1,2025-10-07T17:11:00Z,2025-04-17T00:00:00Z
55,customer-055,Liam Miller,LAX,john.johnson@example.com,Cappuccino,2024-09-08T00:00:00Z,1,2025-10-21T19:17:00Z,2024-09-08T00:00:00Z
56,customer-056,Liam Davis,LAX,olivia.williams@example.com,Matcha,2024-09-25T00:00:00Z,1,2025-10-21T13:03:00Z,2024-09-25T00:00:00Z
57,customer-057,Liam Rodriguez,SEA,lucas.doe@example.com,Latte,2024-05-13T00:00:00Z,1,2025-10-15T13:36:00Z,2024-05-13T00:00:00Z
58,customer-058,Liam Martinez,LAX,sophia.jones@example.com,Latte,2024-07-21T00:00:00Z,1,2025-10-19T11:10:00Z,2024-07-21T00:00:00Z
59,customer-059,Liam Hernandez,DFW,mason.jones@example.com,Matcha,2024-08-31T00:00:00Z,1,2025-10-21T16:48:00Z,2024-08-31T00:00:00Z
60,customer-060,Liam Lopez,DFW,liam.garcia@example.com,Latte,2024-10-20T00:00:00Z,1,2025-10-20T13:35:00Z,2024-10-20T00:00:00Z
61,customer-061,Liam Gonzalez,ATL,noah.miller@example.com,Cappuccino,2025-01-03T00:00:00Z,1,2025-10-16T18:01:00Z,2025-01-03T00:00:00Z
62,customer-062,Liam Wilson,SEA,emma.williams@example.com,Mocha,2024-11-03T00:00:00Z,1,2025-10-18T15:47:00Z,2024-11-03T00:00:00Z
63,customer-063,Liam Anderson,JFK,mason.garcia@example.com,Chai Latte,2025-04-14T00:00:00Z,1,2025-10-11T11:16:00Z,2025-04-14T00:00:00Z
64,customer-064,Liam Thomas,JFK,lucas.garcia@example.com,Cappuccino,2024-07-21T00:00:00Z,1,2025-10-02T08:53:00Z,2024-07-21T00:00:00Z
65,customer-065,Liam Taylor,ORD,john.johnson@example.com,Mocha,2024-05-25T00:00:00Z,1,2025-10-21T14:56:00Z,2024-05-25T00:00:00Z
66,customer-066,Liam Moore,ORD,mason.smith@example.com,Chai Latte,2025-03-06T00:00:00Z,1,2025-10-17T16:04:00Z,2025-03-06T00:00:00Z
67,customer-067,Liam Jackson,DFW,john.williams@example.com,Cappuccino,2025-03-22T00:00:00Z,1,2025-10-14T19:15:00Z,2025-03-22T00:00:00Z
68,customer-068,Liam Martin,ATL,olivia.brown@example.com,Chai Latte,2024-11-07T00:00:00Z,1,2025-10-06T11:06:00Z,2024-11-07T00:00:00Z
69,customer-069,Liam Lee,JFK,lucas.jones@example.com,Cappuccino,2024-06-26T00:00:00Z,1,2025-10-16T10:31:00Z,2024-06-26T00:00:00Z
70,customer-070,Liam Perez,SEA,ava.miller@example.com,Matcha,2025-04-02T00:00:00Z,1,2025-10-20T19:07:00Z,2025-04-02T00:00:00Z
71,customer-071,Liam Thompson,DFW,liam.brown@example.com,Espresso,2024-05-19T00:00:00Z,1,2025-10-03T15:48:00Z,2024-05-19T00:00:00Z
72,customer-072,Liam White,SFO,mason.smith@example.com,Cappuccino,2024-08-10T00:00:00Z,1,2025-10-04T12:25:00Z,2024-08-10T00:00:00Z
73,customer-073,Liam Harris,SEA,sophia.johnson@example.com,Matcha,2025-03-27T00:00:00Z,1,2025-10-17T15:47:00Z,2025-03-27T00:00:00Z
74,customer-074,Liam Sanchez,JFK,olivia.garcia@example.com,Chai Latte,2024-05-21T00:00:00Z,1,2025-10-03T15:02:00Z,2024-05-21T00:00:00Z
75,customer-075,Liam Clark,ORD,john.smith@example.com,Espresso,2024-07-20T00:00:00Z,1,2025-10-21T18:25:00Z,2024-07-20T00:00:00Z
76,customer-076,Liam Ramirez,SFO,lucas.doe@example.com,Espresso,2024-08-22T00:00:00Z,1,2025-10-17T08:26:00Z,2024-08-22T00:00:00Z
77,customer-077,Liam Lewis,ATL,ava.doe@example.com,Chai Latte,2024-04-01T00:00:00Z,1,2025-10-03T10:02:00Z,2024-04-01T00:00:00Z
78,customer-078,Liam Robinson,SEA,john.johnson@example.com,Espresso,2024-07-04T00:00:00Z,1,2025-10-02T16:39:00Z,2024-07-04T00:00:00Z
79,customer-079,Liam Walker,ATL,john.garcia@example.com,Cappuccino,2024-11-21T00:00:00Z,1,2025-10-14T11:04:00Z,2024-11-21T00:00:00Z
80,customer-080,Liam Young,ORD,mason.doe@example.com,Chai Latte,2025-01-18T00:00:00Z,1,2025-10-10T13:49:00Z,2025-01-18T00:00:00Z
81,customer-081,Liam Allen,ORD,sophia.miller@example.com,Cappuccino,2024-08-06T00:00:00Z,1,2025-10-14T10:54:00Z,2024-08-06T00:00:00Z
82,customer-082,Liam King,ATL,john.smith@example.com,Chai Latte,2025-02-02T00:00:00Z,1,2025-10-02T11:44:00Z,2025-02-02T00:00:00Z
83,customer-083,Liam Wright,ORD,jane.garcia@example.com,Cappuccino,2024-10-16T00:00:00Z,1,2025-10-16T19:33:00Z,2024-10-16T00:00:00Z
84,customer-084,Liam Scott,ORD,noah.williams@example.com,Mocha,2024-12-14T00:00:00Z,1,2025-10-09T13:04:00Z,2024-12-14T00:00:00Z
85,customer-085,Liam Torres,DFW,liam.jones@example.com,Mocha,2025-03-13T00:00:00Z,1,2025-10-08T14:12:00Z,2025-03-13T00:00:00Z
86,customer-086,Liam Nguyen,SFO,sophia.williams@example.com,Espresso,2025-01-31T00:00:00Z,1,2025-10-12T13:10:00Z,2025-01-31T00:00:00Z
87,customer-087,Liam Hill,ATL,emma.doe@example.com,Cappuccino,2024-10-28T00:00:00Z,1,2025-10-13T13:36:00Z,2024-10-28T00:00:00Z
88,customer-088,Liam Flores,JFK,sophia.johnson@example.com,Chai Latte,2024-12-18T00:00:00Z,1,2025-10-10T20:54:00Z,2024-12-18T00:00:00Z
89,customer-089,Liam Green,LAX,mason.garcia@example.com,Latte,2024-12-15T00:00:00Z,1,2025-10-05T13:37:00Z,2024-12-15T00:00:00Z
90,customer-090,Liam Adams,DFW,liam.doe@example.com,Mocha,2024-11-10T00:00:00Z,1,2025-10-09T11:37:00Z,2024-11-10T00:00:00Z
91,customer-091,Liam Nelson,ATL,liam.jones@example.com,Latte,2025-03-12T00:00:00Z,1,2025-10-09T10:13:00Z,2025-03-12T00:00:00Z
92,customer-092,Liam Baker,JFK,jane.smith@example.com,Latte,2024-07-01T00:00:00Z,1,2025-10-13T14:23:00Z,2024-07-01T00:00:00Z
93,customer-093,Liam Hall,ATL,emma.smith@example.com,Chai Latte,2024-04-21T00:00:00Z,1,2025-10-15T09:13:00Z,2024-04-21T00:00:00Z
94,customer-094,Liam Rivera,SFO,noah.williams@example.com,Matcha,2024-08-11T00:00:00Z,1,2025-10-10T16:04:00Z,2024-08-11T00:00:00Z
95,customer-095,Liam Campbell,LAX,mason.williams@example.com,Cappuccino,2024-07-20T00:00:00Z,1,2025-10-12T20:39:00Z,2024-07-20T00:00:00Z
96,customer-096,Liam Mitchell,SFO,noah.brown@example.com,Espresso,2024-07-04T00:00:00Z,1,2025-10-18T18:02:00Z,2024-07-04T00:00:00Z
97,customer-097,Emma Smith,JFK,jane.jones@example.com,Espresso,2024-11-16T00:00:00Z,1,2025-10-14T11:56:00Z,2024-11-16T00:00:00Z
98,customer-098,Emma Johnson,JFK,emma.johnson@example.com,Chai Latte,2024-04-26T00:00:00Z,1,2025-10-19T18:15:00Z,2024-04-26T00:00:00Z
99,customer-099,Emma Williams,ATL,emma.johnson@example.com,Espresso,2024-11-02T00:00:00Z,1,2025-10-06T19:36:00Z,2024-11-02T00:00:00Z
100,customer-100,Emma Brown,SFO,noah.johnson@example.com,Matcha,2024-05-01T00:00:00Z,1,2025-10-03T20:41:00Z,2024-05-01T00:00:00Z
101,customer-101,Emma Jones,JFK,john.doe@example.com,Chai Latte,2025-03-22T00:00:00Z,1,2025-10-17T13:21:00Z,2025-03-22T00:00:00Z
102,customer-102,Emma Garcia,LAX,mason.brown@example.com,Cappuccino,2024-05-11T00:00:00Z,1,2025-10-19T09:53:00Z,2024-05-11T00:00:00Z
103,customer-103,Emma Miller,JFK,liam.garcia@example.com,Espresso,2025-03-02T00:00:00Z,1,2025-10-02T14:52:00Z,2025-03-02T00:00:00Z
104,customer-104,Emma Davis,SFO,noah.garcia@example.com,Mocha,2025-02-21T00:00:00Z,1,2025-10-04T08:38:00Z,2025-02-21T00:00:00Z
105,customer-105,Emma Rodriguez,SFO,ava.miller@example.com,Matcha,2024-09-27T00:00:00Z,1,2025-10-19T13:28:00Z,2024-09-27T00:00:00Z
106,customer-106,Emma Martinez,SEA,liam.williams@example.com,Mocha,2024-11-22T00:00:00Z,1,2025-10-21T15:33:00Z,2024-11-22T00:00:00Z
107,customer-107,Emma Hernandez,LAX,emma.smith@example.com,Matcha,2024-11-01T00:00:00Z,1,2025-10-17T15:55:00Z,2024-11-01T00:00:00Z
108,customer-108,Emma Lopez,ATL,john.johnson@example.com,Mocha,2025-01-09T00:00:00Z,1,2025-10-16T17:47:00Z,2025-01-09T00:00:00Z
109,customer-109,Emma Gonzalez,SFO,sophia.jones@example.com,Latte,2024-03-15T00:00:00Z,1,2025-10-19T20:48:00Z,2024-03-15T00:00:00Z
110,customer-110,Emma Wilson,DFW,john.brown@example.com,Latte,2024-06-24T00:00:00Z,1,2025-10-12T16:18:00Z,2024-06-24T00:00:00Z
111,customer-111,Emma Anderson,SEA,emma.williams@example.com,Cappuccino,2025-03-20T00:00:00Z,1,2025-10-17T15:00:00Z,2025-03-20T00:00:00Z
112,customer-112,Emma Thomas,ATL,noah.jones@example.com,Chai Latte,2024-04-06T00:00:00Z,1,2025-10-05T10:43:00Z,2024-04-06T00:00:00Z
113,customer-113,Emma Taylor,LAX,mason.jones@example.com,Cappuccino,2024-07-11T00:00:00Z,1,2025-10-01T20:57:00Z,2024-07-11T00:00:00Z
114,customer-114,Emma Moore,ATL,liam.williams@example.com,Latte,2024-11-06T00:00:00Z,1,2025-10-21T11:21:00Z,2024-11-06T00:00:00Z
115,customer-115,Emma Jackson,SEA,jane.doe@example.com,Espresso,2024-04-10T00:00:00Z,1,2025-10-15T19:44:00Z,2024-04-10T00:00:00Z
116,customer-116,Emma Martin,SFO,lucas.doe@example.com,Espresso,2024-05-22T00:00:00Z,1,2025-10-02T16:57:00Z,2024-05-22T00:00:00Z
117,customer-117,Emma Lee,ORD,mason.miller@example.com,Latte,2024-04-15T00:00:00Z,1,2025-10-15T15:07:00Z,2024-04-15T00:00:00Z
118,customer-118,Emma Perez,SEA,emma.doe@example.com,Matcha,2024-09-02T00:00:00Z,1,2025-10-13T10:06:00Z,2024-09-02T00:00:00Z
119,customer-119,Emma Thompson,LAX,liam.doe@example.com,Cappuccino,2024-12-31T00:00:00Z,1,2025-10-15T14:53:00Z,2024-12-31T00:00:00Z
120,customer-120,Emma White,ATL,sophia.doe@example.com,Chai Latte,2024-12-08T00:00:00Z,1,2025-10-15T13:43:00Z,2024-12-08T00:00:00Z
121,customer-121,Emma Harris,ORD,olivia.garcia@example.com,Mocha,2024-08-30T00:00:00Z,1,2025-10-15T18:54:00Z,2024-08-30T00:00:00Z
122,customer-122,Emma Sanchez,JFK,ava.doe@example.com,Latte,2024-10-24T00:00:00Z,1,2025-10-21T10:06:00Z,2024-10-24T00:00:00Z
123,customer-123,Emma Clark,ATL,ava.williams@example.com,Matcha,2025-01-15T00:00:00Z,1,2025-10-17T08:25:00Z,2025-01-15T00:00:00Z
124,customer-124,Emma Ramirez,SFO,jane.miller@example.com,Cappuccino,2024-12-12T00:00:00Z,1,2025-10-11T20:25:00Z,2024-12-12T00:00:00Z
125,customer-125,Emma Lewis,JFK,john.johnson@example.com,Latte,2024-04-09T00:00:00Z,1,2025-10-20T14:31:00Z,2024-04-09T00:00:00Z
126,customer-126,Emma Robinson,SFO,olivia.williams@example.com,Cappuccino,2024-11-20T00:00:00Z,1,2025-10-16T20:33:00Z,2024-11-20T00:00:00Z
127,customer-127,Emma Walker,SEA,liam.doe@example.com,Chai Latte,2025-04-11T00:00:00Z,1,2025-10-18T12:25:00Z,2025-04-11T00:00:00Z
128,customer-128,Emma Young,SEA,ava.doe@example.com,Chai Latte,2024-10-05T00:00:00Z,1,2025-10-20T11:47:00Z,2024-10-05T00:00:00Z
129,customer-129,Emma Allen,LAX,mason.doe@example.com,Latte,2025-03-12T00:00:00Z,1,2025-10-21T12:15:00Z,2025-03-12T00:00:00Z
130,customer-130,Emma King,ORD,john.doe@example.com,Matcha,2024-11-30T00:00:00Z,1,2025-10-08T15:35:00Z,2024-11-30T00:00:00Z
131,customer-131,Emma Wright,ATL,lucas.garcia@example.com,Latte,2024-07-01T00:00:00Z,1,2025-10-20T16:50:00Z,2024-07-01T00:00:00Z
132,customer-132,Emma Scott,LAX,sophia.williams@example.com,Espresso,2025-03-02T00:00:00Z,1,2025-10-10T17:04:00Z,2025-03-02T00:00:00Z
133,customer-133,Emma Torres,JFK,jane.brown@example.com,Matcha,2024-12-15T00:00:00Z,1,2025-10-07T10:20:00Z,2024-12-15T00:00:00Z
134,customer-134,Emma Nguyen,LAX,lucas.brown@example.com,Chai Latte,2025-03-25T00:00:00Z,1,2025-10-08T14:59:00Z,2025-03-25T00:00:00Z
135,customer-135,Emma Hill,DFW,ava.garcia@example.com,Matcha,2024-11-24T00:00:00Z,1,2025-10-15T20:37:00Z,2024-11-24T00:00:00Z
136,customer-136,Emma Flores,LAX,lucas.smith@example.com,Matcha,2024-08-22T00:00:00Z,1,2025-10-14T18:59:00Z,2024-08-22T00:00:00Z
137,customer-137,Emma Green,DFW,olivia.johnson@example.com,Espresso,2024-09-28T00:00:00Z,1,2025-10-17T13:32:00Z,2024-09-28T00:00:00Z
138,customer-138,Emma Adams,SEA,liam.doe@example.com,Espresso,2024-10-12T00:00:00Z,1,2025-10-07T18:45:00Z,2024-10-12T00:00:00Z
139,customer-139,Emma Nelson,ATL,sophia.johnson@example.com,Mocha,2024-03-16T00:00:00Z,1,2025-10-08T18:41:00Z,2024-03-16T00:00:00Z
140,customer-140,Emma Baker,SEA,olivia.miller@example.com,Espresso,2025-01-20T00:00:00Z,1,2025-10-04T19:38:00Z,2025-01-20T00:00:00Z
141,customer-141,Emma Hall,SFO,sophia.brown@example.com,Chai Latte,2024-11-21T00:00:00Z,1,2025-10-18T12:41:00Z,2024-11-21T00:00:00Z
142,customer-142,Emma Rivera,SEA,emma.garcia@example.com,Matcha,2024-08-01T00:00:00Z,1,2025-10-09T18:39:00Z,2024-08-01T00:00:00Z
143,customer-143,Emma Campbell,JFK,noah.brown@example.com,Cappuccino,2025-03-12T00:00:00Z,1,2025-10-16T19:17:00Z,2025-03-12T00:00:00Z
144,customer-144,Emma Mitchell,SEA,jane.brown@example.com,Cappuccino,2024-04-16T00:00:00Z,1,2025-10-13T20:35:00Z,2024-04-16T00:00:00Z
145,customer-145,Noah Smith,DFW,mason.williams@example.com,Mocha,2024-09-24T00:00:00Z,1,2025-10-07T11:07:00Z,2024-09-24T00:00:00Z
146,customer-146,Noah Johnson,SEA,noah.miller@example.com,Cappuccino,2024-03-17T00:00:00Z,1,2025-10-08T16:45:00Z,2024-03-17T00:00:00Z
147,customer-147,Noah Williams,JFK,liam.doe@example.com,Mocha,2025-01-23T00:00:00Z,1,2025-10-12T19:10:00Z,2025-01-23T00:00:00Z
148,customer-148,Noah Brown,SFO,ava.jones@example.com,Espresso,2024-11-29T00:00:00Z,1,2025-10-11T10:21:00Z,2024-11-29T00:00:00Z
149,customer-149,Noah Jones,LAX,emma.johnson@example.com,Cappuccino,2024-03-26T00:00:00Z,1,2025-10-21T12:13:00Z,2024-03-26T00:00:00Z
150,customer-150,Noah Garcia,ATL,mason.doe@example.com,Mocha,2024-12-12T00:00:00Z,1,2025-10-01T11:58:00Z,2024-12-12T00:00:00Z
151,customer-151,Noah Miller,DFW,jane.jones@example.com,Espresso,2024-06-18T00:00:00Z,1,2025-10-03T09:57:00Z,2024-06-18T00:00:00Z
152,customer-152,Noah Davis,SFO,john.williams@example.com,Chai Latte,2024-06-02T00:00:00Z,1,2025-10-19T11:41:00Z,2024-06-02T00:00:00Z
153,customer-153,Noah Rodriguez,DFW,emma.brown@example.com,Chai Latte,2024-12-13T00:00:00Z,1,2025-10-05T10:09:00Z,2024-12-13T00:00:00Z
154,customer-154,Noah Martinez,SFO,mason.williams@example.com,Matcha,2025-02-08T00:00:00Z,1,2025-10-12T12:59:00Z,2025-02-08T00:00:00Z
155,customer-155,Noah Hernandez,SEA,lucas.miller@example.com,Matcha,2024-11-07T00:00:00Z,1,2025-10-21T16:23:00Z,2024-11-07T00:00:00Z
156,customer-156,Noah Lopez,ATL,lucas.garcia@example.com,Chai Latte,2024-11-12T00:00:00Z,1,2025-10-05T14:37:00Z,2024-11-12T00:00:00Z
157,customer-157,Noah Gonzalez,LAX,ava.miller@example.com,Espresso,2025-01-08T00:00:00Z,1,2025-10-13T17:13:00Z,2025-01-08T00:00:00Z
158,customer-158,Noah Wilson,DFW,ava.johnson@example.com,Latte,2024-11-01T00:00:00Z,1,2025-10-18T08:35:00Z,2024-11-01T00:00:00Z
159,customer-159,Noah Anderson,LAX,olivia.williams@example.com,Cappuccino,2025-01-12T00:00:00Z,1,2025-10-13T10:07:00Z,2025-01-12T00:00:00Z
160,customer-160,Noah Thomas,JFK,liam.williams@example.com,Espresso,2024-06-17T00:00:00Z,1,2025-10-03T09:41:00Z,2024-06-17T00:00:00Z
161,customer-161,Noah Taylor,ORD,olivia.jones@example.com,Chai Latte,2024-11-14T00:00:00Z,1,2025-10-08T11:03:00Z,2024-11-14T00:00:00Z
162,customer-162,Noah Moore,SEA,john.miller@example.com,Latte,2025-04-04T00:00:00Z,1,2025-10-18T14:20:00Z,2025-04-04T00:00:00Z
163,customer-163,Noah Jackson,DFW,mason.brown@example.com,Latte,2024-09-06T00:00:00Z,1,2025-10-05T14:07:00Z,2024-09-06T00:00:00Z
164,customer-164,Noah Martin,SEA,olivia.brown@example.com,Espresso,2025-03-11T00:00:00Z,1,2025-10-19T13:08:00Z,2025-03-11T00:00:00Z
165,customer-165,Noah Lee,ORD,sophia.garcia@example.com,Mocha,2024-11-06T00:00:00Z,1,2025-10-17T20:13:00Z,2024-11-06T00:00:00Z
166,customer-166,Noah Perez,ORD,sophia.williams@example.com,Mocha,2024-10-13T00:00:00Z,1,2025-10-21T16:26:00Z,2024-10-13T00:00:00Z
167,customer-167,Noah Thompson,SFO,jane.jones@example.com,Mocha,2024-11-03T00:00:00Z,1,2025-10-15T14:02:00Z,2024-11-03T00:00:00Z
168,customer-168,Noah White,ORD,olivia.doe@example.com,Matcha,2024-08-21T00:00:00Z,1,2025-10-18T11:21:00Z,2024-08-21T00:00:00Z
169,customer-169,Noah Harris,ORD,jane.doe@example.com,Matcha,2024-08-31T00:00:00Z,1,2025-10-02T17:31:00Z,2024-08-31T00:00:00Z
170,customer-170,Noah Sanchez,SFO,mason.garcia@example.com,Mocha,2025-03-28T00:00:00Z,1,2025-10-14T11:49:00Z,2025-03-28T00:00:00Z
171,customer-171,Noah Clark,JFK,noah.miller@example.com,Espresso,2024-10-26T00:00:00Z,1,2025-10-13T14:32:00Z,2024-10-26T00:00:00Z
172,customer-172,Noah Ramirez,SEA,liam.miller@example.com,Latte,2025-03-12T00:00:00Z,1,2025-10-20T20:33:00Z,2025-03-12T00:00:00Z
173,customer-173,Noah Lewis,SEA,john.johnson@example.com,Latte,2024-07-22T00:00:00Z,1,2025-10-09T15:42:00Z,2024-07-22T00:00:00Z
174,customer-174,Noah Robinson,DFW,emma.garcia@example.com,Latte,2025-02-06T00:00:00Z,1,2025-10-20T19:58:00Z,2025-02-06T00:00:00Z
175,customer-175,Noah Walker,SEA,liam.johnson@example.com,Chai Latte,2024-03-30T00:00:00Z,1,2025-10-15T12:36:00Z,2024-03-30T00:00:00Z
176,customer-176,Noah Young,DFW,noah.johnson@example.com,Cappuccino,2025-03-07T00:00:00Z,1,2025-10-20T08:51:00Z,2025-03-07T00:00:00Z
177,customer-177,Noah Allen,SEA,ava.jones@example.com,Matcha,2024-04-28T00:00:00Z,1,2025-10-04T14:04:00Z,2024-04-28T00:00:00Z
178,customer-178,Noah King,SFO,lucas.jones@example.com,Mocha,2024-05-21T00:00:00Z,1,2025-10-10T18:29:00Z,2024-05-21T00:00:00Z
179,customer-179,Noah Wright,ORD,mason.brown@example.com,Espresso,2024-05-25T00:00:00Z,1,2025-10-16T20:18:00Z,2024-05-25T00:00:00Z
180,customer-180,Noah Scott,JFK,sophia.johnson@example.com,Espresso,2024-09-14T00:00:00Z,1,2025-10-09T10:39:00Z,2024-09-14T00:00:00Z
181,customer-181,Noah Torres,ATL,liam.garcia@example.com,Espresso,2024-11-21T00:00:00Z,1,2025-10-02T14:47:00Z,2024-11-21T00:00:00Z
182,customer-182,Noah Nguyen,ATL,liam.miller@example.com,Chai Latte,2024-11-28T00:00:00Z,1,2025-10-16T13:31:00Z,2024-11-28T00:00:00Z
183,customer-183,Noah Hill,ATL,john.jones@example.com,Espresso,2025-03-26T00:00:00Z,1,2025-10-17T20:03:00Z,2025-03-26T00:00:00Z
184,customer-184,Noah Flores,ORD,mason.miller@example.com,Matcha,2024-06-20T00:00:00Z,1,2025-10-11T13:39:00Z,2024-06-20T00:00:00Z
185,customer-185,Noah Green,ORD,ava.doe@example.com,Cappuccino,2024-05-18T00:00:00Z,1,2025-10-10T17:47:00Z,2024-05-18T00:00:00Z
186,customer-186,Noah Adams,ORD,jane.jones@example.com,Mocha,2024-04-27T00:00:00Z,1,2025-10-06T10:48:00Z,2024-04-27T00:00:00Z
187,customer-187,Noah Nelson,LAX,liam.johnson@example.com,Cappuccino,2024-04-20T00:00:00Z,1,2025-10-12T14:34:00Z,2024-04-20T00:00:00Z
188,customer-188,Noah Baker,DFW,john.miller@example.com,Latte,2024-07-27T00:00:00Z,1,2025-10-17T08:34:00Z,2024-07-27T00:00:00Z
189,customer-189,Noah Hall,JFK,sophia.williams@example.com,Mocha,2024-11-18T00:00:00Z,1,2025-10-02T15:31:00Z,2024-11-18T00:00:00Z
190,customer-190,Noah Rivera,LAX,sophia.miller@example.com,Mocha,2025-03-17T00:00:00Z,1,2025-10-08T20:56:00Z,2025-03-17T00:00:00Z
191,customer-191,Noah Campbell,SEA,noah.williams@example.com,Espresso,2024-04-13T00:00:00Z,1,2025-10-21T09:04:00Z,2024-04-13T00:00:00Z
192,customer-192,Noah Mitchell,JFK,jane.doe@example.com,Cappuccino,2024-04-21T00:00:00Z,1,2025-10-08T08:18:00Z,2024-04-21T00:00:00Z
193,customer-193,Ava Smith,ORD,mason.brown@example.com,Mocha,2024-10-30T00:00:00Z,1,2025-10-11T10:22:00Z,2024-10-30T00:00:00Z
194,customer-194,Ava Johnson,SFO,olivia.johnson@example.com,Mocha,2024-08-25T00:00:00Z,1,2025-10-11T18:15:00Z,2024-08-25T00:00:00Z
195,customer-195,Ava Williams,DFW,emma.garcia@example.com,Chai Latte,2025-03-18T00:00:00Z,1,2025-10-09T14:34:00Z,2025-03-18T00:00:00Z
196,customer-196,Ava Brown,JFK,jane.doe@example.com,Latte,2025-01-12T00:00:00Z,1,2025-10-05T18:43:00Z,2025-01-12T00:00:00Z
197,customer-197,Ava Jones,SFO,olivia.brown@example.com,Espresso,2024-05-01T00:00:00Z,1,2025-10-12T19:12:00Z,2024-05-01T00:00:00Z
198,customer-198,Ava Garcia,DFW,noah.johnson@example.com,Chai Latte,2025-04-17T00:00:00Z,1,2025-10-18T11:27:00Z,2025-04-17T00:00:00Z
199,customer-199,Ava Miller,ORD,emma.jones@example.com,Latte,2024-09-30T00:00:00Z,1,2025-10-04T10:25:00Z,2024-09-30T00:00:00Z
200,customer-200,Ava Davis,SFO,mason.jones@example.com,Espresso,2024-09-29T00:00:00Z,1,2025-10-04T20:01:00Z,2024-09-29T00:00:00Z
201,customer-201,Ava Rodriguez,LAX,emma.garcia@example.com,Cappuccino,2025-01-09T00:00:00Z,1,2025-10-10T15:53:00Z,2025-01-09T00:00:00Z
202,customer-202,Ava Martinez,LAX,ava.smith@example.com,Mocha,2025-02-18T00:00:00Z,1,2025-10-03T09:38:00Z,2025-02-18T00:00:00Z
203,customer-203,Ava Hernandez,JFK,lucas.miller@example.com,Espresso,2024-04-22T00:00:00Z,1,2025-10-18T16:52:00Z,2024-04-22T00:00:00Z
204,customer-204,Ava Lopez,JFK,noah.williams@example.com,Cappuccino,2024-04-27T00:00:00Z,1,2025-10-15T17:24:00Z,2024-04-27T00:00:00Z
205,customer-205,Ava Gonzalez,ORD,noah.smith@example.com,Chai Latte,2024-04-08T00:00:00Z,1,2025-10-07T09:20:00Z,2024-04-08T00:00:00Z
206,customer-206,Ava Wilson,SEA,emma.johnson@example.com,Latte,2024-10-10T00:00:00Z,1,2025-10-16T12:58:00Z,2024-10-10T00:00:00Z
207,customer-207,Ava Anderson,SEA,noah.jones@example.com,Espresso,2025-01-12T00:00:00Z,1,2025-10-14T15:24:00Z,2025-01-12T00:00:00Z
208,customer-208,Ava Thomas,JFK,mason.brown@example.com,Mocha,2025-02-02T00:00:00Z,1,2025-10-08T08:01:00Z,2025-02-02T00:00:00Z
209,customer-209,Ava Taylor,DFW,sophia.smith@example.com,Chai Latte,2024-07-25T00:00:00Z,1,2025-10-17T09:30:00Z,2024-07-25T00:00:00Z
210,customer-210,Ava Moore,SEA,noah.miller@example.com,Chai Latte,2024-06-30T00:00:00Z,1,2025-10-13T18:01:00Z,2024-06-30T00:00:00Z
211,customer-211,Ava Jackson,LAX,sophia.garcia@example.com,Espresso,2024-05-12T00:00:00Z,1,2025-10-18T17:06:00Z,2024-05-12T00:00:00Z
212,customer-212,Ava Martin,ATL,emma.brown@example.com,Cappuccino,2024-04-14T00:00:00Z,1,2025-10-19T16:25:00Z,2024-04-14T00:00:00Z
213,customer-213,Ava Lee,ATL,liam.brown@example.com,Matcha,2024-08-23T00:00:00Z,1,2025-10-10T13:58:00Z,2024-08-23T00:00:00Z
214,customer-214,Ava Perez,JFK,olivia.williams@example.com,Latte,2024-06-08T00:00:00Z,1,2025-10-16T18:04:00Z,2024-06-08T00:00:00Z
215,customer-215,Ava Thompson,LAX,ava.garcia@example.com,Cappuccino,2024-06-22T00:00:00Z,1,2025-10-14T16:14:00Z,2024-06-22T00:00:00Z
216,customer-216,Ava White,ATL,ava.smith@example.com,Latte,2024-12-25T00:00:00Z,1,2025-10-12T12:35:00Z,2024-12-25T00:00:00Z
217,customer-217,Ava Harris,JFK,liam.jones@example.com,Cappuccino,2025-03-02T00:00:00Z,1,2025-10-13T15:03:00Z,2025-03-02T00:00:00Z
218,customer-218,Ava Sanchez,LAX,emma.garcia@example.com,Latte,2025-01-09T00:00:00Z,1,2025-10-12T14:56:00Z,2025-01-09T00:00:00Z
219,customer-219,Ava Clark,JFK,sophia.garcia@example.com,Espresso,2024-10-25T00:00:00Z,1,2025-10-11T15:58:00Z,2024-10-25T00:00:00Z
220,customer-220,Ava Ramirez,ORD,emma.johnson@example.com,Latte,2025-02-14T00:00:00Z,1,2025-10-03T13:27:00Z,2025-02-14T00:00:00Z
221,customer-221,Ava Lewis,JFK,lucas.garcia@example.com,Latte,2024-08-25T00:00:00Z,1,2025-10-15T18:17:00Z,2024-08-25T00:00:00Z
222,customer-222,Ava Robinson,ATL,john.williams@example.com,Cappuccino,2024-07-01T00:00:00Z,1,2025-10-16T15:21:00Z,2024-07-01T00:00:00Z
223,customer-223,Ava Walker,JFK,john.williams@example.com,Latte,2024-11-30T00:00:00Z,1,2025-10-20T10:14:00Z,2024-11-30T00:00:00Z
224,customer-224,Ava Young,JFK,sophia.garcia@example.com,Espresso,2024-06-16T00:00:00Z,1,2025-10-11T13:37:00Z,2024-06-16T00:00:00Z
225,customer-225,Ava Allen,DFW,mason.jones@example.com,Matcha,2024-12-24T00:00:00Z,1,2025-10-06T08:51:00Z,2024-12-24T00:00:00Z
226,customer-226,Ava King,JFK,john.doe@example.com,Matcha,2024-04-24T00:00:00Z,1,2025-10-07T08:43:00Z,2024-04-24T00:00:00Z
227,customer-227,Ava Wright,JFK,ava.miller@example.com,Mocha,2024-10-03T00:00:00Z,1,2025-10-05T18:25:00Z,2024-10-03T00:00:00Z
228,customer-228,Ava Scott,DFW,sophia.brown@example.com,Espresso,2025-01-12T00:00:00Z,1,2025-10-10T11:45:00Z,2025-01-12T00:00:00Z
229,customer-229,Ava Torres,LAX,mason.jones@example.com,Mocha,2024-09-15T00:00:00Z,1,2025-10-01T12:43:00Z,2024-09-15T00:00:00Z
230,customer-230,Ava Nguyen,ORD,sophia.miller@example.com,Mocha,2025-03-04T00:00:00Z,1,2025-10-18T10:21:00Z,2025-03-04T00:00:00Z
231,customer-231,Ava Hill,DFW,noah.johnson@example.com,Latte,2024-06-21T00:00:00Z,1,2025-10-11T15:19:00Z,2024-06-21T00:00:00Z
232,customer-232,Ava Flores,DFW,john.doe@example.com,Latte,2024-05-08T00:00:00Z,1,2025-10-13T19:32:00Z,2024-05-08T00:00:00Z
233,customer-233,Ava Green,SFO,emma.garcia@example.com,Chai Latte,2024-09-12T00:00:00Z,1,2025-10-07T11:44:00Z,2024-09-12T00:00:00Z
234,customer-234,Ava Adams,DFW,mason.garcia@example.com,Espresso,2025-02-13T00:00:00Z,1,2025-10-05T15:21:00Z,2025-02-13T00:00:00Z
235,customer-235,Ava Nelson,ATL,john.doe@example.com,Matcha,2025-03-17T00:00:00Z,1,2025-10-18T08:02:00Z,2025-03-17T00:00:00Z
236,customer-236,Ava Baker,LAX,olivia.williams@example.com,Cappuccino,2024-11-23T00:00:00Z,1,2025-10-04T14:06:00Z,2024-11-23T00:00:00Z
237,customer-237,Ava Hall,ORD,sophia.garcia@example.com,Mocha,2024-10-08T00:00:00Z,1,2025-10-10T18:06:00Z,2024-10-08T00:00:00Z
238,customer-238,Ava Rivera,SFO,lucas.smith@example.com,Espresso,2025-02-27T00:00:00Z,1,2025-10-19T17:00:00Z,2025-02-27T00:00:00Z
239,customer-239,Ava Campbell,ORD,lucas.johnson@example.com,Mocha,2024-09-07T00:00:00Z,1,2025-10-16T16:53:00Z,2024-09-07T00:00:00Z
240,customer-240,Ava Mitchell,LAX,liam.miller@example.com,Matcha,2024-11-07T00:00:00Z,1,2025-10-16T12:41:00Z,2024-11-07T00:00:00Z
241,customer-241,Ethan Smith,LAX,ava.doe@example.com,Latte,2024-05-30T00:00:00Z,1,2025-10-05T13:01:00Z,2024-05-30T00:00:00Z
242,customer-242,Ethan Johnson,ATL,liam.doe@example.com,Espresso,2024-03-19T00:00:00Z,1,2025-10-05T08:40:00Z,2024-03-19T00:00:00Z
243,customer-243,Ethan Williams,SFO,liam.brown@example.com,Espresso,2024-10-03T00:00:00Z,1,2025-10-12T12:46:00Z,2024-10-03T00:00:00Z
244,customer-244,Ethan Brown,DFW,emma.brown@example.com,Mocha,2024-04-30T00:00:00Z,1,2025-10-03T18:26:00Z,2024-04-30T00:00:00Z
245,customer-245,Ethan Jones,JFK,olivia.johnson@example.com,Mocha,2024-05-06T00:00:00Z,1,2025-10-13T15:12:00Z,2024-05-06T00:00:00Z
246,customer-246,Ethan Garcia,SFO,mason.garcia@example.com,Espresso,2025-03-08T00:00:00Z,1,2025-10-01T16:17:00Z,2025-03-08T00:00:00Z
247,customer-247,Ethan Miller,DFW,john.williams@example.com,Chai Latte,2024-12-31T00:00:00Z,1,2025-10-14T09:14:00Z,2024-12-31T00:00:00Z
248,customer-248,Ethan Davis,SEA,liam.williams@example.com,Matcha,2024-06-04T00:00:00Z,1,2025-10-15T12:55:00Z,2024-06-04T00:00:00Z
249,customer-249,Ethan Rodriguez,ATL,john.jones@example.com,Cappuccino,2024-05-19T00:00:00Z,1,2025-10-07T09:24:00Z,2024-05-19T00:00:00Z
250,customer-250,Ethan Martinez,SFO,jane.smith@example.com,Matcha,2024-07-13T00:00:00Z,1,2025-10-20T13:24:00Z,2024-07-13T00:00:00Z
251,customer-251,Ethan Hernandez,ORD,lucas.garcia@example.com,Matcha,2025-03-08T00:00:00Z,1,2025-10-08T08:50:00Z,2025-03-08T00:00:00Z
252,customer-252,Ethan Lopez,SEA,emma.smith@example.com,Cappuccino,2025-01-25T00:00:00Z,1,2025-10-03T08:15:00Z,2025-01-25T00:00:00Z
253,customer-253,Ethan Gonzalez,SEA,john.johnson@example.com,Mocha,2025-03-23T00:00:00Z,1,2025-10-16T08:50:00Z,2025-03-23T00:00:00Z
254,customer-254,Ethan Wilson,SEA,lucas.johnson@example.com,Espresso,2024-09-30T00:00:00Z,1,2025-10-13T08:12:00Z,2024-09-30T00:00:00Z
255,customer-255,Ethan Anderson,ORD,john.smith@example.com,Chai Latte,2025-01-22T00:00:00Z,1,2025-10-20T14:29:00Z,2025-01-22T00:00:00Z
256,customer-256,Ethan Thomas,LAX,olivia.johnson@example.com,Chai Latte,2024-10-13T00:00:00Z,1,2025-10-03T12:03:00Z,2024-10-13T00:00:00Z
257,customer-257,Ethan Taylor,SEA,jane.garcia@example.com,Matcha,2024-06-06T00:00:00Z,1,2025-10-02T08:15:00Z,2024-06-06T00:00:00Z
258,customer-258,Ethan Moore,ORD,olivia.miller@example.com,Matcha,2024-08-15T00:00:00Z,1,2025-10-11T09:15:00Z,2024-08-15T00:00:00Z
259,customer-259,Ethan Jackson,ORD,lucas.smith@example.com,Chai Latte,2024-10-07T00:00:00Z,1,2025-10-15T09:24:00Z,2024-10-07T00:00:00Z
260,customer-260,Ethan Martin,ORD,john.jones@example.com,Mocha,2024-12-12T00:00:00Z,1,2025-10-18T15:20:00Z,2024-12-12T00:00:00Z
261,customer-261,Ethan Lee,ATL,ava.johnson@example.com,Mocha,2024-07-19T00:00:00Z,1,2025-10-08T20:36:00Z,2024-07-19T00:00:00Z
262,customer-262,Ethan Perez,SEA,noah.doe@example.com,Latte,2024-12-16T00:00:00Z,1,2025-10-08T18:01:00Z,2024-12-16T00:00:00Z
263,customer-263,Ethan Thompson,JFK,olivia.williams@example.com,Mocha,2025-01-23T00:00:00Z,1,2025-10-02T08:21:00Z,2025-01-23T00:00:00Z
264,customer-264,Ethan White,ORD,mason.smith@example.com,Chai Latte,2024-04-08T00:00:00Z,1,2025-10-15T16:53:00Z,2024-04-08T00:00:00Z
265,customer-265,Ethan Harris,ATL,lucas.miller@example.com,Mocha,2025-02-22T00:00:00Z,1,2025-10-13T15:48:00Z,2025-02-22T00:00:00Z
266,customer-266,Ethan Sanchez,SFO,jane.jones@example.com,Espresso,2024-12-19T00:00:00Z,1,2025-10-08T20:27:00Z,2024-12-19T00:00:00Z
267,customer-267,Ethan Clark,ATL,jane.jones@example.com,Mocha,2025-04-17T00:00:00Z,1,2025-10-05T11:37:00Z,2025-04-17T00:00:00Z
268,customer-268,Ethan Ramirez,SFO,liam.johnson@example.com,Latte,2025-04-06T00:00:00Z,1,2025-10-15T20:07:00Z,2025-04-06T00:00:00Z
269,customer-269,Ethan Lewis,LAX,jane.brown@example.com,Mocha,2024-04-15T00:00:00Z,1,2025-10-02T17:58:00Z,2024-04-15T00:00:00Z
270,customer-270,Ethan Robinson,DFW,john.miller@example.com,Matcha,2024-04-14T00:00:00Z,1,2025-10-19T15:30:00Z,2024-04-14T00:00:00Z
271,customer-271,Ethan Walker,JFK,olivia.garcia@example.com,Matcha,2025-02-24T00:00:00Z,1,2025-10-16T18:37:00Z,2025-02-24T00:00:00Z
272,customer-272,Ethan Young,JFK,emma.brown@example.com,Latte,2024-11-21T00:00:00Z,1,2025-10-20T19:58:00Z,2024-11-21T00:00:00Z
273,customer-273,Ethan Allen,ATL,olivia.jones@example.com,Espresso,2024-03-15T00:00:00Z,1,2025-10-05T16:47:00Z,2024-03-15T00:00:00Z
274,customer-274,Ethan King,SFO,liam.johnson@example.com,Cappuccino,2024-10-06T00:00:00Z,1,2025-10-06T09:56:00Z,2024-10-06T00:00:00Z
275,customer-275,Ethan Wright,ORD,emma.smith@example.com,Espresso,2024-08-26T00:00:00Z,1,2025-10-14T12:18:00Z,2024-08-26T00:00:00Z
276,customer-276,Ethan Scott,DFW,noah.garcia@example.com,Espresso,2024-11-26T00:00:00Z,1,2025-10-11T20:48:00Z,2024-11-26T00:00:00Z
277,customer-277,Ethan Torres,SEA,john.williams@example.com,Mocha,2024-03-18T00:00:00Z,1,2025-10-19T17:33:00Z,2024-03-18T00:00:00Z
278,customer-278,Ethan Nguyen,DFW,liam.jones@example.com,Cappuccino,2024-08-04T00:00:00Z,1,2025-10-01T10:11:00Z,2024-08-04T00:00:00Z
279,customer-279,Ethan Hill,ATL,olivia.johnson@example.com,Mocha,2024-11-19T00:00:00Z,1,2025-10-04T10:19:00Z,2024-11-19T00:00:00Z
280,customer-280,Ethan Flores,ORD,mason.jones@example.com,Chai Latte,2024-12-25T00:00:00Z,1,2025-10-19T09:39:00Z,2024-12-25T00:00:00Z
281,customer-281,Ethan Green,ATL,lucas.jones@example.com,Matcha,2025-04-16T00:00:00Z,1,2025-10-14T19:18:00Z,2025-04-16T00:00:00Z
282,customer-282,Ethan Adams,SEA,john.jones@example.com,Latte,2024-11-10T00:00:00Z,1,2025-10-15T20:03:00Z,2024-11-10T00:00:00Z
283,customer-283,Ethan Nelson,LAX,liam.johnson@example.com,Matcha,2024-03-16T00:00:00Z,1,2025-10-06T15:16:00Z,2024-03-16T00:00:00Z
284,customer-284,Ethan Baker,SEA,olivia.doe@example.com,Espresso,2024-11-04T00:00:00Z,1,2025-10-14T18:56:00Z,2024-11-04T00:00:00Z
285,customer-285,Ethan Hall,SFO,emma.doe@example.com,Latte,2024-07-14T00:00:00Z,1,2025-10-04T11:25:00Z,2024-07-14T00:00:00Z
286,customer-286,Ethan Rivera,JFK,ava.smith@example.com,Mocha,2024-10-10T00:00:00Z,1,2025-10-11T20:49:00Z,2024-10-10T00:00:00Z
287,customer-287,Ethan Campbell,JFK,emma.jones@example.com,Mocha,2024-03-15T00:00:00Z,1,2025-10-15T14:44:00Z,2024-03-15T00:00:00Z
288,customer-288,Ethan Mitchell,SEA,mason.jones@example.com,Latte,2025-02-04T00:00:00Z,1,2025-10-17T13:28:00Z,2025-02-04T00:00:00Z
289,customer-289,Sophia Smith,ATL,olivia.brown@example.com,Chai Latte,2024-09-18T00:00:00Z,1,2025-10-13T16:04:00Z,2024-09-18T00:00:00Z
290,customer-290,Sophia Johnson,LAX,emma.doe@example.com,Latte,2025-03-19T00:00:00Z,1,2025-10-03T09:03:00Z,2025-03-19T00:00:00Z
291,customer-291,Sophia Williams,SFO,liam.brown@example.com,Chai Latte,2025-01-13T00:00:00Z,1,2025-10-14T15:10:00Z,2025-01-13T00:00:00Z
292,customer-292,Sophia Brown,LAX,sophia.jones@example.com,Chai Latte,2024-06-21T00:00:00Z,1,2025-10-21T13:47:00Z,2024-06-21T00:00:00Z
293,customer-293,Sophia Jones,JFK,mason.smith@example.com,Latte,2024-09-19T00:00:00Z,1,2025-10-19T16:03:00Z,2024-09-19T00:00:00Z
294,customer-294,Sophia Garcia,LAX,jane.miller@example.com,Cappuccino,2024-11-23T00:00:00Z,1,2025-10-19T14:11:00Z,2024-11-23T00:00:00Z
295,customer-295,Sophia Miller,JFK,john.doe@example.com,Cappuccino,2024-09-23T00:00:00Z,1,2025-10-01T15:50:00Z,2024-09-23T00:00:00Z
296,customer-296,Sophia Davis,DFW,mason.garcia@example.com,Mocha,2025-01-06T00:00:00Z,1,2025-10-09T09:14:00Z,2025-01-06T00:00:00Z
297,customer-297,Sophia Rodriguez,SFO,mason.miller@example.com,Matcha,2025-01-09T00:00:00Z,1,2025-10-20T18:13:00Z,2025-01-09T00:00:00Z
298,customer-298,Sophia Martinez,SFO,jane.miller@example.com,Espresso,2024-06-30T00:00:00Z,1,2025-10-15T14:40:00Z,2024-06-30T00:00:00Z
299,customer-299,Sophia Hernandez,ATL,olivia.doe@example.com,Chai Latte,2024-05-04T00:00:00Z,1,2025-10-10T10:55:00Z,2024-05-04T00:00:00Z
300,customer-300,Sophia Lopez,ATL,ava.johnson@example.com,Cappuccino,2024-04-17T00:00:00Z,1,2025-10-04T08:05:00Z,2024-04-17T00:00:00Z
301,customer-301,Sophia Gonzalez,SEA,ava.brown@example.com,Latte,2024-11-21T00:00:00Z,1,2025-10-21T08:55:00Z,2024-11-21T00:00:00Z
302,customer-302,Sophia Wilson,ATL,john.miller@example.com,Cappuccino,2024-11-29T00:00:00Z,1,2025-10-21T20:56:00Z,2024-11-29T00:00:00Z
303,customer-303,Sophia Anderson,ORD,emma.miller@example.com,Mocha,2025-03-20T00:00:00Z,1,2025-10-08T13:55:00Z,2025-03-20T00:00:00Z
304,customer-304,Sophia Thomas,JFK,jane.jones@example.com,Matcha,2024-09-09T00:00:00Z,1,2025-10-10T14:11:00Z,2024-09-09T00:00:00Z
305,customer-305,Sophia Taylor,JFK,jane.brown@example.com,Cappuccino,2024-09-23T00:00:00Z,1,2025-10-17T14:32:00Z,2024-09-23T00:00:00Z
306,customer-306,Sophia Moore,JFK,jane.jones@example.com,Matcha,2024-11-07T00:00:00Z,1,2025-10-05T13:40:00Z,2024-11-07T00:00:00Z
307,customer-307,Sophia Jackson,DFW,mason.brown@example.com,Mocha,2025-01-02T00:00:00Z,1,2025-10-07T12:26:00Z,2025-01-02T00:00:00Z
308,customer-308,Sophia Martin,ATL,olivia.williams@example.com,Mocha,2024-07-20T00:00:00Z,1,2025-10-18T14:45:00Z,2024-07-20T00:00:00Z
309,customer-309,Sophia Lee,ATL,olivia.doe@example.com,Mocha,2024-03-28T00:00:00Z,1,2025-10-05T14:45:00Z,2024-03-28T00:00:00Z
310,customer-310,Sophia Perez,SEA,lucas.jones@example.com,Espresso,2024-10-04T00:00:00Z,1,2025-10-17T10:50:00Z,2024-10-04T00:00:00Z
311,customer-311,Sophia Thompson,LAX,emma.jones@example.com,Chai Latte,2024-09-05T00:00:00Z,1,2025-10-07T17:15:00Z,2024-09-05T00:00:00Z
312,customer-312,Sophia White,LAX,ava.jones@example.com,Latte,2024-09-28T00:00:00Z,1,2025-10-17T15:12:00Z,2024-09-28T00:00:00Z
313,customer-313,Sophia Harris,ATL,emma.johnson@example.com,Chai Latte,2024-10-04T00:00:00Z,1,2025-10-05T18:31:00Z,2024-10-04T00:00:00Z
314,customer-314,Sophia Sanchez,ORD,noah.smith@example.com,Espresso,2024-06-18T00:00:00Z,1,2025-10-07T08:08:00Z,2024-06-18T00:00:00Z
315,customer-315,Sophia Clark,ORD,emma.williams@example.com,Cappuccino,2024-06-30T00:00:00Z,1,2025-10-06T15:30:00Z,2024-06-30T00:00:00Z
316,customer-316,Sophia Ramirez,SFO,jane.brown@example.com,Mocha,2025-01-07T00:00:00Z,1,2025-10-16T08:15:00Z,2025-01-07T00:00:00Z
317,customer-317,Sophia Lewis,ORD,liam.johnson@example.com,Mocha,2025-01-07T00:00:00Z,1,2025-10-10T08:22:00Z,2025-01-07T00:00:00Z
318,customer-318,Sophia Robinson,DFW,noah.jones@example.com,Latte,2024-11-12T00:00:00Z,1,2025-10-08T16:47:00Z,2024-11-12T00:00:00Z
319,customer-319,Sophia Walker,SEA,john.doe@example.com,Chai Latte,2024-09-15T00:00:00Z,1,2025-10-02T15:40:00Z,2024-09-15T00:00:00Z
320,customer-320,Sophia Young,SFO,mason.miller@example.com,Mocha,2024-04-22T00:00:00Z,1,2025-10-06T16:46:00Z,2024-04-22T00:00:00Z
321,customer-321,Sophia Allen,SFO,lucas.williams@example.com,Latte,2024-09-17T00:00:00Z,1,2025-10-08T08:46:00Z,2024-09-17T00:00:00Z
322,customer-322,Sophia King,JFK,liam.williams@example.com,Mocha,2024-07-09T00:00:00Z,1,2025-10-16T10:15:00Z,2024-07-09T00:00:00Z
323,customer-323,Sophia Wright,JFK,ava.jones@example.com,Matcha,2024-10-15T00:00:00Z,1,2025-10-19T08:32:00Z,2024-10-15T00:00:00Z
324,customer-324,Sophia Scott,SEA,jane.brown@example.com,Espresso,2024-10-18T00:00:00Z,1,2025-10-19T19:00:00Z,2024-10-18T00:00:00Z
325,customer-325,Sophia Torres,SEA,ava.brown@example.com,Latte,2024-04-30T00:00:00Z,1,2025-10-07T15:34:00Z,2024-04-30T00:00:00Z
326,customer-326,Sophia Nguyen,LAX,lucas.garcia@example.com,Espresso,2025-03-07T00:00:00Z,1,2025-10-21T15:33:00Z,2025-03-07T00:00:00Z
327,customer-327,Sophia Hill,JFK,liam.garcia@example.com,Mocha,2025-02-24T00:00:00Z,1,2025-10-16T18:56:00Z,2025-02-24T00:00:00Z
328,customer-328,Sophia Flores,SFO,sophia.jones@example.com,Cappuccino,2025-03-29T00:00:00Z,1,2025-10-16T15:39:00Z,2025-03-29T00:00:00Z
329,customer-329,Sophia Green,ORD,ava.garcia@example.com,Chai Latte,2025-04-17T00:00:00Z,1,2025-10-10T12:04:00Z,2025-04-17T00:00:00Z
330,customer-330,Sophia Adams,ATL,mason.brown@example.com,Latte,2024-12-07T00:00:00Z,1,2025-10-08T20:32:00Z,2024-12-07T00:00:00Z
331,customer-331,Sophia Nelson,ATL,lucas.brown@example.com,Cappuccino,2024-04-20T00:00:00Z,1,2025-10-09T18:45:00Z,2024-04-20T00:00:00Z
332,customer-332,Sophia Baker,JFK,jane.brown@example.com,Cappuccino,2025-02-14T00:00:00Z,1,2025-10-15T09:51:00Z,2025-02-14T00:00:00Z
333,customer-333,Sophia Hall,ORD,liam.johnson@example.com,Mocha,2024-11-03T00:00:00Z,1,2025-10-13T08:25:00Z,2024-11-03T00:00:00Z
334,customer-334,Sophia Rivera,SEA,john.brown@example.com,Matcha,2025-01-30T00:00:00Z,1,2025-10-03T15:35:00Z,2025-01-30T00:00:00Z
335,customer-335,Sophia Campbell,SEA,sophia.jones@example.com,Matcha,2024-08-15T00:00:00Z,1,2025-10-18T10:41:00Z,2024-08-15T00:00:00Z
336,customer-336,Sophia Mitchell,DFW,liam.smith@example.com,Espresso,2024-08-31T00:00:00Z,1,2025-10-17T15:58:00Z,2024-08-31T00:00:00Z
337,customer-337,Mason Smith,SEA,mason.miller@example.com,Chai Latte,2025-03-26T00:00:00Z,1,2025-10-11T09:33:00Z,2025-03-26T00:00:00Z
338,customer-338,Mason Johnson,SEA,olivia.doe@example.com,Latte,2024-04-12T00:00:00Z,1,2025-10-09T15:59:00Z,2024-04-12T00:00:00Z
339,customer-339,Mason Williams,ATL,olivia.brown@example.com,Espresso,2024-08-08T00:00:00Z,1,2025-10-19T16:55:00Z,2024-08-08T00:00:00Z
340,customer-340,Mason Brown,LAX,ava.brown@example.com,Latte,2024-06-02T00:00:00Z,1,2025-10-07T19:29:00Z,2024-06-02T00:00:00Z
341,customer-341,Mason Jones,ORD,noah.johnson@example.com,Espresso,2024-12-28T00:00:00Z,1,2025-10-02T14:01:00Z,2024-12-28T00:00:00Z
342,customer-342,Mason Garcia,SFO,jane.brown@example.com,Matcha,2024-11-24T00:00:00Z,1,2025-10-03T20:17:00Z,2024-11-24T00:00:00Z
343,customer-343,Mason Miller,SFO,mason.johnson@example.com,Matcha,2024-04-02T00:00:00Z,1,2025-10-14T17:39:00Z,2024-04-02T00:00:00Z
344,customer-344,Mason Davis,ORD,noah.brown@example.com,Latte,2024-04-01T00:00:00Z,1,2025-10-08T20:07:00Z,2024-04-01T00:00:00Z
345,customer-345,Mason Rodriguez,JFK,mason.smith@example.com,Espresso,2024-04-15T00:00:00Z,1,2025-10-17T20:29:00Z,2024-04-15T00:00:00Z
346,customer-346,Mason Martinez,JFK,ava.doe@example.com,Cappuccino,2025-01-12T00:00:00Z,1,2025-10-12T12:24:00Z,2025-01-12T00:00:00Z
347,customer-347,Mason Hernandez,SFO,lucas.brown@example.com,Chai Latte,2024-04-03T00:00:00Z,1,2025-10-05T15:53:00Z,2024-04-03T00:00:00Z
348,customer-348,Mason Lopez,SFO,sophia.miller@example.com,Chai Latte,2024-04-17T00:00:00Z,1,2025-10-21T17:33:00Z,2024-04-17T00:00:00Z
349,customer-349,Mason Gonzalez,LAX,lucas.miller@example.com,Cappuccino,2025-04-07T00:00:00Z,1,2025-10-06T17:28:00Z,2025-04-07T00:00:00Z
350,customer-350,Mason Wilson,SFO,noah.smith@example.com,Matcha,2025-02-06T00:00:00Z,1,2025-10-20T10:30:00Z,2025-02-06T00:00:00Z
351,customer-351,Mason Anderson,ATL,lucas.williams@example.com,Matcha,2024-05-26T00:00:00Z,1,2025-10-16T14:38:00Z,2024-05-26T00:00:00Z
352,customer-352,Mason Thomas,JFK,sophia.brown@example.com,Espresso,2024-11-15T00:00:00Z,1,2025-10-02T16:38:00Z,2024-11-15T00:00:00Z
353,customer-353,Mason Taylor,LAX,john.johnson@example.com,Cappuccino,2024-09-14T00:00:00Z,1,2025-10-19T20:40:00Z,2024-09-14T00:00:00Z
354,customer-354,Mason Moore,JFK,john.johnson@example.com,Matcha,2024-04-05T00:00:00Z,1,2025-10-15T18:32:00Z,2024-04-05T00:00:00Z
355,customer-355,Mason Jackson,SEA,noah.miller@example.com,Espresso,2024-12-08T00:00:00Z,1,2025-10-09T19:26:00Z,2024-12-08T00:00:00Z
356,customer-356,Mason Martin,DFW,lucas.doe@example.com,Latte,2025-03-10T00:00:00Z,1,2025-10-08T17:14:00Z,2025-03-10T00:00:00Z
357,customer-357,Mason Lee,LAX,olivia.smith@example.com,Latte,2024-11-02T00:00:00Z,1,2025-10-06T17:31:00Z,2024-11-02T00:00:00Z
358,customer-358,Mason Perez,ATL,mason.miller@example.com,Mocha,2024-06-13T00:00:00Z,1,2025-10-18T14:15:00Z,2024-06-13T00:00:00Z
359,customer-359,Mason Thompson,SEA,ava.garcia@example.com,Cappuccino,2024-06-07T00:00:00Z,1,2025-10-06T18:42:00Z,2024-06-07T00:00:00Z
360,customer-360,Mason White,DFW,ava.williams@example.com,Espresso,2024-11-13T00:00:00Z,1,2025-10-17T12:17:00Z,2024-11-13T00:00:00Z
361,customer-361,Mason Harris,DFW,olivia.doe@example.com,Chai Latte,2025-03-02T00:00:00Z,1,2025-10-08T14:41:00Z,2025-03-02T00:00:00Z
362,customer-362,Mason Sanchez,LAX,liam.williams@example.com,Espresso,2025-01-23T00:00:00Z,1,2025-10-11T19:10:00Z,2025-01-23T00:00:00Z
363,customer-363,Mason Clark,LAX,noah.garcia@example.com,Cappuccino,2024-10-06T00:00:00Z,1,2025-10-10T17:37:00Z,2024-10-06T00:00:00Z
364,customer-364,Mason Ramirez,SEA,emma.smith@example.com,Mocha,2024-11-28T00:00:00Z,1,2025-10-12T18:28:00Z,2024-11-28T00:00:00Z
365,customer-365,Mason Lewis,JFK,ava.jones@example.com,Matcha,2024-04-05T00:00:00Z,1,2025-10-09T15:17:00Z,2024-04-05T00:00:00Z
366,customer-366,Mason Robinson,SFO,emma.garcia@example.com,Cappuccino,2024-05-16T00:00:00Z,1,2025-10-20T09:22:00Z,2024-05-16T00:00:00Z
367,customer-367,Mason Walker,SFO,mason.smith@example.com,Chai Latte,2025-03-08T00:00:00Z,1,2025-10-13T19:46:00Z,2025-03-08T00:00:00Z
368,customer-368,Mason Young,ORD,liam.jones@example.com,Mocha,2025-02-09T00:00:00Z,1,2025-10-05T17:22:00Z,2025-02-09T00:00:00Z
369,customer-369,Mason Allen,ATL,liam.jones@example.com,Cappuccino,2024-08-11T00:00:00Z,1,2025-10-03T19:23:00Z,2024-08-11T00:00:00Z
370,customer-370,Mason King,ATL,jane.williams@example.com,Cappuccino,2024-05-24T00:00:00Z,1,2025-10-11T09:01:00Z,2024-05-24T00:00:00Z
371,customer-371,Mason Wright,JFK,john.brown@example.com,Cappuccino,2024-06-27T00:00:00Z,1,2025-10-21T19:16:00Z,2024-06-27T00:00:00Z
372,customer-372,Mason Scott,JFK,liam.smith@example.com,Matcha,2024-11-02T00:00:00Z,1,2025-10-03T16:29:00Z,2024-11-02T00:00:00Z
373,customer-373,Mason Torres,DFW,jane.miller@example.com,Chai Latte,2025-03-28T00:00:00Z,1,2025-10-01T18:29:00Z,2025-03-28T00:00:00Z
374,customer-374,Mason Nguyen,SEA,mason.smith@example.com,Matcha,2025-01-23T00:00:00Z,1,2025-10-12T17:03:00Z,2025-01-23T00:00:00Z
375,customer-375,Mason Hill,LAX,olivia.doe@example.com,Cappuccino,2024-11-26T00:00:00Z,1,2025-10-07T15:51:00Z,2024-11-26T00:00:00Z
376,customer-376,Mason Flores,SEA,john.jones@example.com,Matcha,2024-11-09T00:00:00Z,1,2025-10-20T12:06:00Z,2024-11-09T00:00:00Z
377,customer-377,Mason Green,ORD,mason.miller@example.com,Latte,2024-08-26T00:00:00Z,1,2025-10-16T17:22:00Z,2024-08-26T00:00:00Z
378,customer-378,Mason Adams,LAX,sophia.garcia@example.com,Latte,2024-11-16T00:00:00Z,1,2025-10-05T17:01:00Z,2024-11-16T00:00:00Z
379,customer-379,Mason Nelson,ORD,mason.smith@example.com,Chai Latte,2024-09-19T00:00:00Z,1,2025-10-16T15:27:00Z,2024-09-19T00:00:00Z
380,customer-380,Mason Baker,ORD,sophia.williams@example.com,Mocha,2024-07-24T00:00:00Z,1,2025-10-06T19:41:00Z,2024-07-24T00:00:00Z
381,customer-381,Mason Hall,LAX,lucas.smith@example.com,Latte,2024-09-10T00:00:00Z,1,2025-10-19T20:24:00Z,2024-09-10T00:00:00Z
382,customer-382,Mason Rivera,DFW,noah.smith@example.com,Latte,2024-11-25T00:00:00Z,1,2025-10-12T18:36:00Z,2024-11-25T00:00:00Z
383,customer-383,Mason Campbell,LAX,noah.johnson@example.com,Chai Latte,2024-08-27T00:00:00Z,1,2025-10-16T12:07:00Z,2024-08-27T00:00:00Z
384,customer-384,Mason Mitchell,SEA,sophia.brown@example.com,Mocha,2025-02-14T00:00:00Z,1,2025-10-20T18:24:00Z,2025-02-14T00:00:00Z
385,customer-385,Isabella Smith,SEA,jane.johnson@example.com,Cappuccino,2024-06-01T00:00:00Z,1,2025-10-08T12:19:00Z,2024-06-01T00:00:00Z
386,customer-386,Isabella Johnson,ORD,olivia.brown@example.com,Cappuccino,2025-01-03T00:00:00Z,1,2025-10-06T17:26:00Z,2025-01-03T00:00:00Z
387,customer-387,Isabella Williams,DFW,john.jones@example.com,Latte,2024-08-29T00:00:00Z,1,2025-10-14T15:47:00Z,2024-08-29T00:00:00Z
388,customer-388,Isabella Brown,ATL,john.brown@example.com,Latte,2024-10-02T00:00:00Z,1,2025-10-21T09:20:00Z,2024-10-02T00:00:00Z
389,customer-389,Isabella Jones,SFO,john.jones@example.com,Matcha,2024-06-20T00:00:00Z,1,2025-10-01T13:52:00Z,2024-06-20T00:00:00Z
390,customer-390,Isabella Garcia,JFK,lucas.doe@example.com,Cappuccino,2024-11-17T00:00:00Z,1,2025-10-13T14:30:00Z,2024-11-17T00:00:00Z
391,customer-391,Isabella Miller,DFW,ava.miller@example.com,Latte,2025-02-23T00:00:00Z,1,2025-10-16T20:16:00Z,2025-02-23T00:00:00Z
392,customer-392,Isabella Davis,ORD,lucas.garcia@example.com,Espresso,2024-03-16T00:00:00Z,1,2025-10-02T18:41:00Z,2024-03-16T00:00:00Z
393,customer-393,Isabella Rodriguez,ATL,noah.williams@example.com,Espresso,2024-06-17T00:00:00Z,1,2025-10-12T14:40:00Z,2024-06-17T00:00:00Z
394,customer-394,Isabella Martinez,DFW,liam.jones@example.com,Chai Latte,2025-01-09T00:00:00Z,1,2025-10-01T12:17:00Z,2025-01-09T00:00:00Z
395,customer-395,Isabella Hernandez,JFK,liam.jones@example.com,Matcha,2024-11-26T00:00:00Z,1,2025-10-12T15:48:00Z,2024-11-26T00:00:00Z
396,customer-396,Isabella Lopez,JFK,sophia.doe@example.com,Matcha,2025-03-16T00:00:00Z,1,2025-10-16T15:07:00Z,2025-03-16T00:00:00Z
397,customer-397,Isabella Gonzalez,JFK,john.doe@example.com,Latte,2025-01-01T00:00:00Z,1,2025-10-15T15:57:00Z,2025-01-01T00:00:00Z
398,customer-398,Isabella Wilson,SEA,jane.smith@example.com,Chai Latte,2024-11-29T00:00:00Z,1,2025-10-08T10:37:00Z,2024-11-29T00:00:00Z
399,customer-399,Isabella Anderson,DFW,liam.johnson@example.com,Mocha,2024-03-28T00:00:00Z,1,2025-10-05T14:45:00Z,2024-03-28T00:00:00Z
400,customer-400,Isabella Thomas,ORD,olivia.garcia@example.com,Cappuccino,2024-10-29T00:00:00Z,1,2025-10-09T08:21:00Z,2024-10-29T00:00:00Z
401,customer-401,Isabella Taylor,LAX,olivia.brown@example.com,Matcha,2024-07-09T00:00:00Z,1,2025-10-08T19:22:00Z,2024-07-09T00:00:00Z
402,customer-402,Isabella Moore,JFK,noah.smith@example.com,Latte,2025-03-31T00:00:00Z,1,2025-10-19T18:43:00Z,2025-03-31T00:00:00Z
403,customer-403,Isabella Jackson,LAX,liam.smith@example.com,Mocha,2024-08-30T00:00:00Z,1,2025-10-20T17:56:00Z,2024-08-30T00:00:00Z
404,customer-404,Isabella Martin,ATL,emma.miller@example.com,Chai Latte,2024-07-23T00:00:00Z,1,2025-10-16T16:53:00Z,2024-07-23T00:00:00Z
405,customer-405,Isabella Lee,SEA,liam.williams@example.com,Latte,2024-07-17T00:00:00Z,1,2025-10-19T08:59:00Z,2024-07-17T00:00:00Z
406,customer-406,Isabella Perez,SFO,liam.doe@example.com,Mocha,2025-03-01T00:00:00Z,1,2025-10-10T08:46:00Z,2025-03-01T00:00:00Z
407,customer-407,Isabella Thompson,SFO,liam.jones@example.com,Mocha,2024-07-31T00:00:00Z,1,2025-10-20T15:51:00Z,2024-07-31T00:00:00Z
408,customer-408,Isabella White,ATL,ava.smith@example.com,Mocha,2025-04-16T00:00:00Z,1,2025-10-17T12:58:00Z,2025-04-16T00:00:00Z
409,customer-409,Isabella Harris,SFO,lucas.brown@example.com,Chai Latte,2025-03-04T00:00:00Z,1,2025-10-04T09:45:00Z,2025-03-04T00:00:00Z
410,customer-410,Isabella Sanchez,ATL,emma.johnson@example.com,Espresso,2024-03-26T00:00:00Z,1,2025-10-13T12:37:00Z,2024-03-26T00:00:00Z
411,customer-411,Isabella Clark,JFK,noah.miller@example.com,Matcha,2024-04-24T00:00:00Z,1,2025-10-07T14:48:00Z,2024-04-24T00:00:00Z
412,customer-412,Isabella Ramirez,ATL,ava.doe@example.com,Chai Latte,2024-06-19T00:00:00Z,1,2025-10-20T12:12:00Z,2024-06-19T00:00:00Z
413,customer-413,Isabella Lewis,SFO,sophia.jones@example.com,Chai Latte,2024-05-24T00:00:00Z,1,2025-10-08T19:17:00Z,2024-05-24T00:00:00Z
414,customer-414,Isabella Robinson,SFO,liam.williams@example.com,Espresso,2024-06-08T00:00:00Z,1,2025-10-05T19:51:00Z,2024-06-08T00:00:00Z
415,customer-415,Isabella Walker,SFO,emma.johnson@example.com,Mocha,2024-04-14T00:00:00Z,1,2025-10-07T16:53:00Z,2024-04-14T00:00:00Z
416,customer-416,Isabella Young,ATL,lucas.jones@example.com,Latte,2025-01-03T00:00:00Z,1,2025-10-18T11:59:00Z,2025-01-03T00:00:00Z
417,customer-417,Isabella Allen,DFW,emma.johnson@example.com,Latte,2024-12-25T00:00:00Z,1,2025-10-09T08:26:00Z,2024-12-25T00:00:00Z
418,customer-418,Isabella King,ATL,mason.garcia@example.com,Mocha,2024-08-25T00:00:00Z,1,2025-10-19T13:34:00Z,2024-08-25T00:00:00Z
419,customer-419,Isabella Wright,SFO,john.brown@example.com,Latte,2024-08-06T00:00:00Z,1,2025-10-08T13:51:00Z,2024-08-06T00:00:00Z
420,customer-420,Isabella Scott,DFW,noah.garcia@example.com,Mocha,2024-05-07T00:00:00Z,1,2025-10-15T20:06:00Z,2024-05-07T00:00:00Z
421,customer-421,Isabella Torres,ATL,john.miller@example.com,Cappuccino,2024-07-26T00:00:00Z,1,2025-10-09T13:22:00Z,2024-07-26T00:00:00Z
422,customer-422,Isabella Nguyen,LAX,sophia.brown@example.com,Espresso,2024-10-11T00:00:00Z,1,2025-10-15T16:22:00Z,2024-10-11T00:00:00Z
423,customer-423,Isabella Hill,SEA,ava.doe@example.com,Matcha,2025-02-10T00:00:00Z,1,2025-10-16T18:45:00Z,2025-02-10T00:00:00Z
424,customer-424,Isabella Flores,ORD,olivia.brown@example.com,Chai Latte,2025-02-01T00:00:00Z,1,2025-10-10T09:20:00Z,2025-02-01T00:00:00Z
425,customer-425,Isabella Green,SEA,john.brown@example.com,Espresso,2025-02-22T00:00:00Z,1,2025-10-08T15:09:00Z,2025-02-22T00:00:00Z
426,customer-426,Isabella Adams,DFW,ava.doe@example.com,Chai Latte,2024-09-03T00:00:00Z,1,2025-10-01T10:23:00Z,2024-09-03T00:00:00Z
427,customer-427,Isabella Nelson,ATL,john.miller@example.com,Matcha,2024-07-25T00:00:00Z,1,2025-10-14T09:16:00Z,2024-07-25T00:00:00Z
428,customer-428,Isabella Baker,ATL,sophia.doe@example.com,Mocha,2025-04-17T00:00:00Z,1,2025-10-15T09:53:00Z,2025-04-17T00:00:00Z
429,customer-429,Isabella Hall,SFO,ava.garcia@example.com,Mocha,2025-02-04T00:00:00Z,1,2025-10-18T08:56:00Z,2025-02-04T00:00:00Z
430,customer-430,Isabella Rivera,ORD,john.miller@example.com,Latte,2025-02-15T00:00:00Z,1,2025-10-16T18:55:00Z,2025-02-15T00:00:00Z
431,customer-431,Isabella Campbell,LAX,olivia.miller@example.com,Mocha,2024-05-10T00:00:00Z,1,2025-10-05T18:23:00Z,2024-05-10T00:00:00Z
432,customer-432,Isabella Mitchell,ORD,mason.smith@example.com,Chai Latte,2024-09-09T00:00:00Z,1,2025-10-06T11:25:00Z,2024-09-09T00:00:00Z
433,customer-433,Logan Smith,ORD,liam.jones@example.com,Cappuccino,2024-10-16T00:00:00Z,1,2025-10-07T10:16:00Z,2024-10-16T00:00:00Z
434,customer-434,Logan Johnson,DFW,liam.miller@example.com,Cappuccino,2024-04-21T00:00:00Z,1,2025-10-08T14:20:00Z,2024-04-21T00:00:00Z
435,customer-435,Logan Williams,ATL,noah.garcia@example.com,Espresso,2024-04-18T00:00:00Z,1,2025-10-16T14:02:00Z,2024-04-18T00:00:00Z
436,customer-436,Logan Brown,SEA,john.garcia@example.com,Mocha,2024-04-02T00:00:00Z,1,2025-10-08T10:41:00Z,2024-04-02T00:00:00Z
437,customer-437,Logan Jones,ORD,olivia.miller@example.com,Cappuccino,2024-05-23T00:00:00Z,1,2025-10-20T18:06:00Z,2024-05-23T00:00:00Z
438,customer-438,Logan Garcia,DFW,sophia.jones@example.com,Matcha,2024-10-21T00:00:00Z,1,2025-10-06T17:02:00Z,2024-10-21T00:00:00Z
439,customer-439,Logan Miller,SFO,lucas.doe@example.com,Matcha,2024-06-12T00:00:00Z,1,2025-10-21T09:08:00Z,2024-06-12T00:00:00Z
440,customer-440,Logan Davis,ATL,lucas.brown@example.com,Latte,2024-04-10T00:00:00Z,1,2025-10-20T11:38:00Z,2024-04-10T00:00:00Z
441,customer-441,Logan Rodriguez,LAX,olivia.brown@example.com,Espresso,2024-10-20T00:00:00Z,1,2025-10-19T20:51:00Z,2024-10-20T00:00:00Z
442,customer-442,Logan Martinez,LAX,noah.miller@example.com,Cappuccino,2025-02-26T00:00:00Z,1,2025-10-15T14:42:00Z,2025-02-26T00:00:00Z
443,customer-443,Logan Hernandez,ATL,liam.jones@example.com,Espresso,2024-04-16T00:00:00Z,1,2025-10-14T11:42:00Z,2024-04-16T00:00:00Z
444,customer-444,Logan Lopez,DFW,mason.williams@example.com,Cappuccino,2024-05-27T00:00:00Z,1,2025-10-18T17:07:00Z,2024-05-27T00:00:00Z
445,customer-445,Logan Gonzalez,ATL,ava.williams@example.com,Espresso,2024-03-23T00:00:00Z,1,2025-10-15T11:03:00Z,2024-03-23T00:00:00Z
446,customer-446,Logan Wilson,JFK,lucas.johnson@example.com,Cappuccino,2025-04-03T00:00:00Z,1,2025-10-11T12:30:00Z,2025-04-03T00:00:00Z
447,customer-447,Logan Anderson,SFO,lucas.brown@example.com,Matcha,2024-04-25T00:00:00Z,1,2025-10-16T20:07:00Z,2024-04-25T00:00:00Z
448,customer-448,Logan Thomas,SEA,noah.brown@example.com,Espresso,2024-07-27T00:00:00Z,1,2025-10-03T18:30:00Z,2024-07-27T00:00:00Z
449,customer-449,Logan Taylor,JFK,mason.williams@example.com,Cappuccino,2024-08-10T00:00:00Z,1,2025-10-13T20:37:00Z,2024-08-10T00:00:00Z
450,customer-450,Logan Moore,SEA,jane.doe@example.com,Espresso,2024-10-25T00:00:00Z,1,2025-10-11T15:45:00Z,2024-10-25T00:00:00Z
451,customer-451,Logan Jackson,SFO,noah.miller@example.com,Matcha,2025-02-23T00:00:00Z,1,2025-10-02T15:24:00Z,2025-02-23T00:00:00Z
452,customer-452,Logan Martin,SEA,sophia.garcia@example.com,Cappuccino,2024-09-03T00:00:00Z,1,2025-10-06T12:08:00Z,2024-09-03T00:00:00Z
453,customer-453,Logan Lee,SFO,john.williams@example.com,Latte,2024-08-17T00:00:00Z,1,2025-10-13T20:29:00Z,2024-08-17T00:00:00Z
454,customer-454,Logan Perez,SEA,jane.brown@example.com,Espresso,2024-05-09T00:00:00Z,1,2025-10-06T15:43:00Z,2024-05-09T00:00:00Z
455,customer-455,Logan Thompson,DFW,jane.jones@example.com,Matcha,2025-03-02T00:00:00Z,1,2025-10-01T13:17:00Z,2025-03-02T00:00:00Z
456,customer-456,Logan White,SEA,emma.williams@example.com,Mocha,2025-02-20T00:00:00Z,1,2025-10-08T15:44:00Z,2025-02-20T00:00:00Z
457,customer-457,Logan Harris,LAX,noah.johnson@example.com,Mocha,2025-01-06T00:00:00Z,1,2025-10-06T12:54:00Z,2025-01-06T00:00:00Z
458,customer-458,Logan Sanchez,JFK,lucas.williams@example.com,Matcha,2024-05-01T00:00:00Z,1,2025-10-01T13:02:00Z,2024-05-01T00:00:00Z
459,customer-459,Logan Clark,LAX,mason.miller@example.com,Latte,2024-09-20T00:00:00Z,1,2025-10-09T15:21:00Z,2024-09-20T00:00:00Z
460,customer-460,Logan Ramirez,SFO,emma.doe@example.com,Cappuccino,2024-05-22T00:00:00Z,1,2025-10-01T18:13:00Z,2024-05-22T00:00:00Z
461,customer-461,Logan Lewis,JFK,jane.williams@example.com,Matcha,2024-09-08T00:00:00Z,1,2025-10-03T18:52:00Z,2024-09-08T00:00:00Z
462,customer-462,Logan Robinson,DFW,jane.jones@example.com,Latte,2024-04-20T00:00:00Z,1,2025-10-11T08:25:00Z,2024-04-20T00:00:00Z
463,customer-463,Logan Walker,ATL,lucas.garcia@example.com,Matcha,2024-04-23T00:00:00Z,1,2025-10-06T09:45:00Z,2024-04-23T00:00:00Z
464,customer-464,Logan Young,ORD,liam.brown@example.com,Mocha,2024-12-15T00:00:00Z,1,2025-10-17T19:28:00Z,2024-12-15T00:00:00Z
465,customer-465,Logan Allen,ORD,ava.johnson@example.com,Matcha,2024-08-10T00:00:00Z,1,2025-10-06T19:58:00Z,2024-08-10T00:00:00Z
466,customer-466,Logan King,SFO,noah.williams@example.com,Cappuccino,2024-07-03T00:00:00Z,1,2025-10-17T08:51:00Z,2024-07-03T00:00:00Z
467,customer-467,Logan Wright,ORD,noah.smith@example.com,Chai Latte,2025-04-17T00:00:00Z,1,2025-10-16T10:44:00Z,2025-04-17T00:00:00Z
468,customer-468,Logan Scott,JFK,mason.williams@example.com,Cappuccino,2024-04-02T00:00:00Z,1,2025-10-19T10:29:00Z,2024-04-02T00:00:00Z
469,customer-469,Logan Torres,LAX,liam.brown@example.com,Cappuccino,2025-01-03T00:00:00Z,1,2025-10-17T19:08:00Z,2025-01-03T00:00:00Z
470,customer-470,Logan Nguyen,JFK,sophia.garcia@example.com,Espresso,2025-02-23T00:00:00Z,1,2025-10-18T10:39:00Z,2025-02-23T00:00:00Z
471,customer-471,Logan Hill,DFW,ava.johnson@example.com,Cappuccino,2024-05-31T00:00:00Z,1,2025-10-07T19:11:00Z,2024-05-31T00:00:00Z
472,customer-472,Logan Flores,JFK,mason.smith@example.com,Latte,2024-09-09T00:00:00Z,1,2025-10-11T17:03:00Z,2024-09-09T00:00:00Z
473,customer-473,Logan Green,ORD,olivia.johnson@example.com,Cappuccino,2024-08-28T00:00:00Z,1,2025-10-08T17:17:00Z,2024-08-28T00:00:00Z
474,customer-474,Logan Adams,DFW,john.williams@example.com,Matcha,2024-10-26T00:00:00Z,1,2025-10-14T12:31:00Z,2024-10-26T00:00:00Z
475,customer-475,Logan Nelson,ATL,liam.miller@example.com,Chai Latte,2025-04-06T00:00:00Z,1,2025-10-21T13:22:00Z,2025-04-06T00:00:00Z
476,customer-476,Logan Baker,SFO,john.johnson@example.com,Matcha,2025-02-14T00:00:00Z,1,2025-10-03T19:30:00Z,2025-02-14T00:00:00Z
477,customer-477,Logan Hall,JFK,olivia.garcia@example.com,Espresso,2025-04-03T00:00:00Z,1,2025-10-16T08:54:00Z,2025-04-03T00:00:00Z
478,customer-478,Logan Rivera,JFK,liam.smith@example.com,Latte,2024-11-20T00:00:00Z,1,2025-10-15T09:24:00Z,2024-11-20T00:00:00Z
479,customer-479,Logan Campbell,ORD,mason.williams@example.com,Mocha,2024-06-13T00:00:00Z,1,2025-10-20T15:43:00Z,2024-06-13T00:00:00Z
480,customer-480,Logan Mitchell,DFW,jane.brown@example.com,Mocha,2025-04-07T00:00:00Z,1,2025-10-01T09:22:00Z,2025-04-07T00:00:00Z
481,customer-481,Mia Smith,ATL,olivia.jones@example.com,Chai Latte,2025-04-11T00:00:00Z,1,2025-10-05T16:09:00Z,2025-04-11T00:00:00Z
482,customer-482,Mia Johnson,ORD,john.garcia@example.com,Mocha,2025-01-11T00:00:00Z,1,2025-10-05T08:48:00Z,2025-01-11T00:00:00Z
483,customer-483,Mia Williams,JFK,sophia.brown@example.com,Cappuccino,2024-03-21T00:00:00Z,1,2025-10-02T12:52:00Z,2024-03-21T00:00:00Z
484,customer-484,Mia Brown,ORD,jane.brown@example.com,Mocha,2024-06-20T00:00:00Z,1,2025-10-13T08:46:00Z,2024-06-20T00:00:00Z
485,customer-485,Mia Jones,ORD,sophia.garcia@example.com,Cappuccino,2025-04-14T00:00:00Z,1,2025-10-08T08:22:00Z,2025-04-14T00:00:00Z
486,customer-486,Mia Garcia,ORD,liam.jones@example.com,Matcha,2024-08-09T00:00:00Z,1,2025-10-13T16:03:00Z,2024-08-09T00:00:00Z
487,customer-487,Mia Miller,LAX,sophia.brown@example.com,Espresso,2025-03-16T00:00:00Z,1,2025-10-13T20:15:00Z,2025-03-16T00:00:00Z
488,customer-488,Mia Davis,JFK,olivia.smith@example.com,Mocha,2024-08-19T00:00:00Z,1,2025-10-17T15:35:00Z,2024-08-19T00:00:00Z
489,customer-489,Mia Rodriguez,ATL,liam.doe@example.com,Cappuccino,2025-03-03T00:00:00Z,1,2025-10-14T15:14:00Z,2025-03-03T00:00:00Z
490,customer-490,Mia Martinez,SEA,sophia.jones@example.com,Latte,2024-06-11T00:00:00Z,1,2025-10-07T11:15:00Z,2024-06-11T00:00:00Z
491,customer-491,Mia Hernandez,SFO,olivia.doe@example.com,Cappuccino,2024-04-24T00:00:00Z,1,2025-10-08T12:39:00Z,2024-04-24T00:00:00Z
492,customer-492,Mia Lopez,SFO,lucas.miller@example.com,Matcha,2025-01-18T00:00:00Z,1,2025-10-12T18:42:00Z,2025-01-18T00:00:00Z
493,customer-493,Mia Gonzalez,JFK,jane.jones@example.com,Espresso,2024-05-12T00:00:00Z,1,2025-10-06T15:52:00Z,2024-05-12T00:00:00Z
494,customer-494,Mia Wilson,JFK,ava.garcia@example.com,Chai Latte,2025-01-17T00:00:00Z,1,2025-10-04T15:52:00Z,2025-01-17T00:00:00Z
495,customer-495,Mia Anderson,SFO,emma.johnson@example.com,Cappuccino,2024-07-12T00:00:00Z,1,2025-10-11T09:09:00Z,2024-07-12T00:00:00Z
496,customer-496,Mia Thomas,SFO,liam.doe@example.com,Matcha,2024-12-17T00:00:00Z,1,2025-10-11T10:21:00Z,2024-12-17T00:00:00Z
497,customer-497,Mia Taylor,SFO,sophia.jones@example.com,Mocha,2024-10-17T00:00:00Z,1,2025-10-03T13:53:00Z,2024-10-17T00:00:00Z
498,customer-498,Mia Moore,ORD,john.miller@example.com,Mocha,2024-07-09T00:00:00Z,1,2025-10-08T16:33:00Z,2024-07-09T00:00:00Z
499,customer-499,Mia Jackson,JFK,jane.williams@example.com,Matcha,2024-03-27T00:00:00Z,1,2025-10-20T08:04:00Z,2024-03-27T00:00:00Z
500,customer-500,Mia Martin,ORD,sophia.garcia@example.com,Espresso,2024-05-28T00:00:00Z,1,2025-10-18T17:16:00Z,2024-05-28T00:00:00Z
